{"objects":[{"components":[{"rotation":{"x":0.0,"y":0.0,"z":0.0},"scale":{"x":1.0,"y":1.0,"z":1.0},"tag":"TRANSFORM","position":{"x":0.0,"y":0.0,"z":0.0}},{"indexes":[0,4,6,3,2,6,7,6,4,5,1,3,1,0,2,5,4,0],"vertexes":[1.0,1.0,-1.0,1.0,-1.0,-1.0,1.0,1.0,1.0,1.0,-1.0,1.0,-1.0,1.0,-1.0,-1.0,-1.0,-1.0,-1.0,1.0,1.0,-1.0,-1.0,1.0],"tag":"MESH","normals":[0.0,0.0,0.0,1.0,1.0,1.0,1.0,1.0,1.0,0.0,0.0,0.0,0.0,0.0,0.0,0.0,0.0,0.0,-1.0,-1.0,-1.0,-1.0,-1.0,-1.0]},{"shineDamping":0.5,"color":{"r":0.69803923,"b":0.7058824,"g":0.7058824},"tag":"MATERIAL","reflectivity":0.5}],"name":"GameObject","type":"Object"}],"name":"Default Scene","type":"Scene"}